model,AUC_mean,AUC_std,fit_mean_s,pred_mean_s
GNB,0.8676061162636364,0.03000949014878818,0.0011542800057213753,0.0005306199891492724
KDE-NB,0.9222101283136057,0.011024703802057586,0.0030774400045629592,3.9967314000008627
